{"dataset":{"0":"aquifer_auser","1":"aquifer_auser","2":"aquifer_auser","3":"aquifer_auser","4":"aquifer_auser","5":"aquifer_auser","6":"aquifer_auser","7":"aquifer_auser","8":"aquifer_auser","9":"aquifer_auser","10":"aquifer_auser","11":"aquifer_auser","12":"aquifer_auser","13":"aquifer_auser","14":"aquifer_auser","15":"aquifer_auser","16":"aquifer_auser","17":"aquifer_auser","18":"aquifer_auser","19":"aquifer_auser","20":"aquifer_auser","21":"aquifer_auser","22":"aquifer_auser","23":"aquifer_auser","24":"aquifer_auser","25":"aquifer_auser","26":"aquifer_auser","27":"aquifer_auser","28":"aquifer_auser","29":"aquifer_auser","30":"aquifer_auser","31":"aquifer_auser","32":"aquifer_auser","33":"aquifer_auser","34":"aquifer_auser","35":"aquifer_auser","36":"aquifer_auser","37":"aquifer_auser","38":"aquifer_auser","39":"aquifer_auser","40":"aquifer_auser","41":"aquifer_auser","42":"aquifer_auser","43":"aquifer_auser","44":"aquifer_auser","45":"aquifer_auser","46":"aquifer_auser"},"split":{"0":3400,"1":3500,"2":3600,"3":3700,"4":3800,"5":3900,"6":4000,"7":4100,"8":4200,"9":4300,"10":4400,"11":4500,"12":4600,"13":4700,"14":4800,"15":4900,"16":5000,"17":5100,"18":5200,"19":5300,"20":5400,"21":5500,"22":5600,"23":5700,"24":5800,"25":5900,"26":6000,"27":6100,"28":6200,"29":6300,"30":6400,"31":6500,"32":6600,"33":6700,"34":6800,"35":6900,"36":7000,"37":7100,"38":7200,"39":7300,"40":7400,"41":7500,"42":7600,"43":7700,"44":7800,"45":7900,"46":8000},"mae":{"0":0.0754898183,"1":0.2186250599,"2":0.3686943332,"3":0.0809586019,"4":0.0973451615,"5":0.3097586251,"6":0.5863360577,"7":0.0626422145,"8":0.1228968954,"9":0.3164591392,"10":0.4186874653,"11":0.5599194863,"12":0.9639030387,"13":1.1916209289,"14":1.2980687989,"15":0.0988896131,"16":0.200378777,"17":0.2798107354,"18":0.7020195241,"19":0.1691462078,"20":0.5492794457,"21":0.4132136474,"22":0.4998806062,"23":1.1567081679,"24":0.5069020982,"25":0.1597934046,"26":0.1865911119,"27":0.2090062796,"28":0.1211803296,"29":0.3594213529,"30":0.3470740661,"31":0.2001680719,"32":0.2282956245,"33":0.3832970425,"34":0.5956848072,"35":0.4815060579,"36":0.3008881251,"37":0.2919636612,"38":0.4931782544,"39":0.4010596985,"40":0.107403968,"41":0.3276223404,"42":0.1456036701,"43":0.2759157741,"44":0.2137642043,"45":0.3567835225,"46":0.5836310997},"rmse":{"0":0.0687151452,"1":0.2186250599,"2":0.3686943332,"3":0.0511051049,"4":0.0855084033,"5":0.3097586251,"6":0.5863360577,"7":0.0430509955,"8":0.1190450511,"9":0.3141940743,"10":0.4186874653,"11":0.5599194863,"12":0.9639030387,"13":1.1916209289,"14":1.2980687989,"15":0.0572331937,"16":0.1596729735,"17":0.2665641355,"18":0.7020195241,"19":0.1255118486,"20":0.5492794457,"21":0.4132136474,"22":0.4998806062,"23":1.1567081679,"24":0.5069020982,"25":0.1584013408,"26":0.1865911119,"27":0.2090062796,"28":0.0608263931,"29":0.357208578,"30":0.3470740661,"31":0.1982852399,"32":0.1976259663,"33":0.3832970425,"34":0.5956848072,"35":0.4815060579,"36":0.3008881251,"37":0.2919636612,"38":0.4931782544,"39":0.4010596985,"40":0.000380708,"41":0.327565489,"42":0.094035553,"43":0.2759157741,"44":0.2105154681,"45":0.3461917499,"46":0.5836310997},"type":{"0":"lstm","1":"lstm","2":"lstm","3":"lstm","4":"lstm","5":"lstm","6":"lstm","7":"lstm","8":"lstm","9":"lstm","10":"lstm","11":"lstm","12":"lstm","13":"lstm","14":"lstm","15":"lstm","16":"lstm","17":"lstm","18":"lstm","19":"lstm","20":"lstm","21":"lstm","22":"lstm","23":"lstm","24":"lstm","25":"lstm","26":"lstm","27":"lstm","28":"lstm","29":"lstm","30":"lstm","31":"lstm","32":"lstm","33":"lstm","34":"lstm","35":"lstm","36":"lstm","37":"lstm","38":"lstm","39":"lstm","40":"lstm","41":"lstm","42":"lstm","43":"lstm","44":"lstm","45":"lstm","46":"lstm"},"target_col":{"0":"target_depth_to_groundwater_lt2","1":"target_depth_to_groundwater_lt2","2":"target_depth_to_groundwater_lt2","3":"target_depth_to_groundwater_lt2","4":"target_depth_to_groundwater_lt2","5":"target_depth_to_groundwater_lt2","6":"target_depth_to_groundwater_lt2","7":"target_depth_to_groundwater_lt2","8":"target_depth_to_groundwater_lt2","9":"target_depth_to_groundwater_lt2","10":"target_depth_to_groundwater_lt2","11":"target_depth_to_groundwater_lt2","12":"target_depth_to_groundwater_lt2","13":"target_depth_to_groundwater_lt2","14":"target_depth_to_groundwater_lt2","15":"target_depth_to_groundwater_lt2","16":"target_depth_to_groundwater_lt2","17":"target_depth_to_groundwater_lt2","18":"target_depth_to_groundwater_lt2","19":"target_depth_to_groundwater_lt2","20":"target_depth_to_groundwater_lt2","21":"target_depth_to_groundwater_lt2","22":"target_depth_to_groundwater_lt2","23":"target_depth_to_groundwater_lt2","24":"target_depth_to_groundwater_lt2","25":"target_depth_to_groundwater_lt2","26":"target_depth_to_groundwater_lt2","27":"target_depth_to_groundwater_lt2","28":"target_depth_to_groundwater_lt2","29":"target_depth_to_groundwater_lt2","30":"target_depth_to_groundwater_lt2","31":"target_depth_to_groundwater_lt2","32":"target_depth_to_groundwater_lt2","33":"target_depth_to_groundwater_lt2","34":"target_depth_to_groundwater_lt2","35":"target_depth_to_groundwater_lt2","36":"target_depth_to_groundwater_lt2","37":"target_depth_to_groundwater_lt2","38":"target_depth_to_groundwater_lt2","39":"target_depth_to_groundwater_lt2","40":"target_depth_to_groundwater_lt2","41":"target_depth_to_groundwater_lt2","42":"target_depth_to_groundwater_lt2","43":"target_depth_to_groundwater_lt2","44":"target_depth_to_groundwater_lt2","45":"target_depth_to_groundwater_lt2","46":"target_depth_to_groundwater_lt2"},"shift":{"0":30,"1":30,"2":30,"3":30,"4":30,"5":30,"6":30,"7":30,"8":30,"9":30,"10":30,"11":30,"12":30,"13":30,"14":30,"15":30,"16":30,"17":30,"18":30,"19":30,"20":30,"21":30,"22":30,"23":30,"24":30,"25":30,"26":30,"27":30,"28":30,"29":30,"30":30,"31":30,"32":30,"33":30,"34":30,"35":30,"36":30,"37":30,"38":30,"39":30,"40":30,"41":30,"42":30,"43":30,"44":30,"45":30,"46":30}}