{"dataset":{"0":"aquifer_auser","1":"aquifer_auser","2":"aquifer_auser","3":"aquifer_auser","4":"aquifer_auser","5":"aquifer_auser","6":"aquifer_auser","7":"aquifer_auser","8":"aquifer_auser","9":"aquifer_auser","10":"aquifer_auser","11":"aquifer_auser","12":"aquifer_auser","13":"aquifer_auser","14":"aquifer_auser","15":"aquifer_auser","16":"aquifer_auser","17":"aquifer_auser","18":"aquifer_auser","19":"aquifer_auser","20":"aquifer_auser","21":"aquifer_auser","22":"aquifer_auser","23":"aquifer_auser","24":"aquifer_auser","25":"aquifer_auser","26":"aquifer_auser","27":"aquifer_auser","28":"aquifer_auser","29":"aquifer_auser","30":"aquifer_auser","31":"aquifer_auser","32":"aquifer_auser","33":"aquifer_auser"},"split":{"0":3400,"1":3400,"2":3500,"3":3500,"4":3600,"5":3600,"6":3700,"7":3700,"8":3800,"9":3800,"10":3900,"11":3900,"12":4000,"13":4000,"14":4100,"15":4100,"16":4200,"17":4200,"18":4300,"19":4300,"20":4400,"21":4400,"22":4500,"23":4500,"24":4600,"25":4600,"26":4700,"27":4700,"28":4800,"29":4800,"30":4900,"31":4900,"32":5000,"33":5000},"mae":{"0":0.0762328921,"1":0.1427128114,"2":0.1324998234,"3":0.2052334967,"4":0.2632501458,"5":0.233658267,"6":0.2882324606,"7":0.2668389729,"8":0.1020876174,"9":0.1206312495,"10":0.2195227186,"11":0.3335779972,"12":0.413775182,"13":0.3410191541,"14":0.3625180612,"15":0.3016765546,"16":0.1062160272,"17":0.3651141755,"18":0.1938509899,"19":0.2823822636,"20":0.3846590415,"21":0.4733028304,"22":0.438920047,"23":0.8015920908,"24":0.5902564495,"25":0.8517467802,"26":1.0620290425,"27":0.6871662321,"28":0.604094578,"29":0.8967392733,"30":0.1687486988,"31":0.6044861555,"32":0.1507051563,"33":0.7820588283},"rmse":{"0":0.0403719562,"1":0.0893758669,"2":0.1304881379,"3":0.2011106301,"4":0.261491525,"5":0.2292889106,"6":0.288020376,"7":0.2628957299,"8":0.0986225053,"9":0.0308484152,"10":0.2178500882,"11":0.3333978203,"12":0.4131069985,"13":0.3368354543,"14":0.3623424124,"15":0.2975358213,"16":0.0810656443,"17":0.364332605,"18":0.1899791942,"19":0.2806610198,"20":0.3845459545,"21":0.4733028304,"22":0.4388725674,"23":0.8013889086,"24":0.5902564495,"25":0.8517467802,"26":1.0620290425,"27":0.6871662321,"28":0.604094578,"29":0.8967392733,"30":0.0054910699,"31":0.5811551487,"32":0.1334197973,"33":0.7682097924},"type":{"0":"all","1":"pipeline","2":"all","3":"pipeline","4":"all","5":"pipeline","6":"all","7":"pipeline","8":"all","9":"pipeline","10":"all","11":"pipeline","12":"all","13":"pipeline","14":"all","15":"pipeline","16":"all","17":"pipeline","18":"all","19":"pipeline","20":"all","21":"pipeline","22":"all","23":"pipeline","24":"all","25":"pipeline","26":"all","27":"pipeline","28":"all","29":"pipeline","30":"all","31":"pipeline","32":"all","33":"pipeline"},"target_col":{"0":"target_depth_to_groundwater_lt2","1":"target_depth_to_groundwater_lt2","2":"target_depth_to_groundwater_lt2","3":"target_depth_to_groundwater_lt2","4":"target_depth_to_groundwater_lt2","5":"target_depth_to_groundwater_lt2","6":"target_depth_to_groundwater_lt2","7":"target_depth_to_groundwater_lt2","8":"target_depth_to_groundwater_lt2","9":"target_depth_to_groundwater_lt2","10":"target_depth_to_groundwater_lt2","11":"target_depth_to_groundwater_lt2","12":"target_depth_to_groundwater_lt2","13":"target_depth_to_groundwater_lt2","14":"target_depth_to_groundwater_lt2","15":"target_depth_to_groundwater_lt2","16":"target_depth_to_groundwater_lt2","17":"target_depth_to_groundwater_lt2","18":"target_depth_to_groundwater_lt2","19":"target_depth_to_groundwater_lt2","20":"target_depth_to_groundwater_lt2","21":"target_depth_to_groundwater_lt2","22":"target_depth_to_groundwater_lt2","23":"target_depth_to_groundwater_lt2","24":"target_depth_to_groundwater_lt2","25":"target_depth_to_groundwater_lt2","26":"target_depth_to_groundwater_lt2","27":"target_depth_to_groundwater_lt2","28":"target_depth_to_groundwater_lt2","29":"target_depth_to_groundwater_lt2","30":"target_depth_to_groundwater_lt2","31":"target_depth_to_groundwater_lt2","32":"target_depth_to_groundwater_lt2","33":"target_depth_to_groundwater_lt2"},"shift":{"0":30,"1":30,"2":30,"3":30,"4":30,"5":30,"6":30,"7":30,"8":30,"9":30,"10":30,"11":30,"12":30,"13":30,"14":30,"15":30,"16":30,"17":30,"18":30,"19":30,"20":30,"21":30,"22":30,"23":30,"24":30,"25":30,"26":30,"27":30,"28":30,"29":30,"30":30,"31":30,"32":30,"33":30}}