{"dataset":{"0":"aquifer_auser","1":"aquifer_auser","2":"aquifer_auser","3":"aquifer_auser","4":"aquifer_auser","5":"aquifer_auser","6":"aquifer_auser","7":"aquifer_auser","8":"aquifer_auser","9":"aquifer_auser","10":"aquifer_auser","11":"aquifer_auser","12":"aquifer_auser","13":"aquifer_auser","14":"aquifer_auser","15":"aquifer_auser","16":"aquifer_auser","17":"aquifer_auser","18":"aquifer_auser","19":"aquifer_auser","20":"aquifer_auser","21":"aquifer_auser","22":"aquifer_auser","23":"aquifer_auser","24":"aquifer_auser","25":"aquifer_auser","26":"aquifer_auser","27":"aquifer_auser","28":"aquifer_auser","29":"aquifer_auser","30":"aquifer_auser","31":"aquifer_auser","32":"aquifer_auser","33":"aquifer_auser","34":"aquifer_auser","35":"aquifer_auser","36":"aquifer_auser","37":"aquifer_auser","38":"aquifer_auser","39":"aquifer_auser","40":"aquifer_auser","41":"aquifer_auser","42":"aquifer_auser","43":"aquifer_auser","44":"aquifer_auser","45":"aquifer_auser","46":"aquifer_auser"},"split":{"0":3400,"1":3500,"2":3600,"3":3700,"4":3800,"5":3900,"6":4000,"7":4100,"8":4200,"9":4300,"10":4400,"11":4500,"12":4600,"13":4700,"14":4800,"15":4900,"16":5000,"17":5100,"18":5200,"19":5300,"20":5400,"21":5500,"22":5600,"23":5700,"24":5800,"25":5900,"26":6000,"27":6100,"28":6200,"29":6300,"30":6400,"31":6500,"32":6600,"33":6700,"34":6800,"35":6900,"36":7000,"37":7100,"38":7200,"39":7300,"40":7400,"41":7500,"42":7600,"43":7700,"44":7800,"45":7900,"46":8000},"mae":{"0":0.0574260161,"1":0.1598627108,"2":0.3526113912,"3":0.0947569527,"4":0.1027805851,"5":0.1615415883,"6":0.3786099806,"7":0.1990240961,"8":0.0874625679,"9":0.2766043774,"10":0.4094705767,"11":0.3840675095,"12":0.5864285194,"13":1.0901776465,"14":0.3501757457,"15":0.2295736153,"16":0.2147066708,"17":0.3285430061,"18":0.409126821,"19":0.099810037,"20":0.6149737572,"21":0.2607656482,"22":0.3769172376,"23":0.487626074,"24":0.3994726358,"25":0.1063753427,"26":0.2580395313,"27":0.2564071998,"28":0.1135571648,"29":0.420673119,"30":0.4525760509,"31":0.3828726626,"32":0.2261314441,"33":0.283544132,"34":0.4274593529,"35":0.112306754,"36":0.3627285389,"37":0.2323450028,"38":0.259975065,"39":0.0756485984,"40":0.0682410064,"41":0.2727709775,"42":0.0814769443,"43":0.2053325077,"44":0.1622178531,"45":0.4389830292,"46":0.2921413498},"rmse":{"0":0.0388200797,"1":0.1598627108,"2":0.3526113912,"3":0.0832157701,"4":0.0234630144,"5":0.1340192935,"6":0.3786099806,"7":0.1990240961,"8":0.0724223984,"9":0.2740042519,"10":0.4094705767,"11":0.3840675095,"12":0.5864285194,"13":1.0901776465,"14":0.3501757457,"15":0.2295736153,"16":0.213041332,"17":0.2681729375,"18":0.409126821,"19":0.0401188459,"20":0.6149737572,"21":0.2607656482,"22":0.3769172376,"23":0.487626074,"24":0.3994726358,"25":0.0985977606,"26":0.2580395313,"27":0.2564071998,"28":0.0526015827,"29":0.420673119,"30":0.4525760509,"31":0.3828726626,"32":0.1608551925,"33":0.2728727111,"34":0.4274593529,"35":0.101864571,"36":0.3627285389,"37":0.0107250648,"38":0.259975065,"39":0.0553830347,"40":0.0141173056,"41":0.2708383491,"42":0.024269455,"43":0.2033885914,"44":0.0489038468,"45":0.4389830292,"46":0.2921413498},"type":{"0":"lstm","1":"lstm","2":"lstm","3":"lstm","4":"lstm","5":"lstm","6":"lstm","7":"lstm","8":"lstm","9":"lstm","10":"lstm","11":"lstm","12":"lstm","13":"lstm","14":"lstm","15":"lstm","16":"lstm","17":"lstm","18":"lstm","19":"lstm","20":"lstm","21":"lstm","22":"lstm","23":"lstm","24":"lstm","25":"lstm","26":"lstm","27":"lstm","28":"lstm","29":"lstm","30":"lstm","31":"lstm","32":"lstm","33":"lstm","34":"lstm","35":"lstm","36":"lstm","37":"lstm","38":"lstm","39":"lstm","40":"lstm","41":"lstm","42":"lstm","43":"lstm","44":"lstm","45":"lstm","46":"lstm"},"target_col":{"0":"target_depth_to_groundwater_lt2","1":"target_depth_to_groundwater_lt2","2":"target_depth_to_groundwater_lt2","3":"target_depth_to_groundwater_lt2","4":"target_depth_to_groundwater_lt2","5":"target_depth_to_groundwater_lt2","6":"target_depth_to_groundwater_lt2","7":"target_depth_to_groundwater_lt2","8":"target_depth_to_groundwater_lt2","9":"target_depth_to_groundwater_lt2","10":"target_depth_to_groundwater_lt2","11":"target_depth_to_groundwater_lt2","12":"target_depth_to_groundwater_lt2","13":"target_depth_to_groundwater_lt2","14":"target_depth_to_groundwater_lt2","15":"target_depth_to_groundwater_lt2","16":"target_depth_to_groundwater_lt2","17":"target_depth_to_groundwater_lt2","18":"target_depth_to_groundwater_lt2","19":"target_depth_to_groundwater_lt2","20":"target_depth_to_groundwater_lt2","21":"target_depth_to_groundwater_lt2","22":"target_depth_to_groundwater_lt2","23":"target_depth_to_groundwater_lt2","24":"target_depth_to_groundwater_lt2","25":"target_depth_to_groundwater_lt2","26":"target_depth_to_groundwater_lt2","27":"target_depth_to_groundwater_lt2","28":"target_depth_to_groundwater_lt2","29":"target_depth_to_groundwater_lt2","30":"target_depth_to_groundwater_lt2","31":"target_depth_to_groundwater_lt2","32":"target_depth_to_groundwater_lt2","33":"target_depth_to_groundwater_lt2","34":"target_depth_to_groundwater_lt2","35":"target_depth_to_groundwater_lt2","36":"target_depth_to_groundwater_lt2","37":"target_depth_to_groundwater_lt2","38":"target_depth_to_groundwater_lt2","39":"target_depth_to_groundwater_lt2","40":"target_depth_to_groundwater_lt2","41":"target_depth_to_groundwater_lt2","42":"target_depth_to_groundwater_lt2","43":"target_depth_to_groundwater_lt2","44":"target_depth_to_groundwater_lt2","45":"target_depth_to_groundwater_lt2","46":"target_depth_to_groundwater_lt2"},"shift":{"0":30,"1":30,"2":30,"3":30,"4":30,"5":30,"6":30,"7":30,"8":30,"9":30,"10":30,"11":30,"12":30,"13":30,"14":30,"15":30,"16":30,"17":30,"18":30,"19":30,"20":30,"21":30,"22":30,"23":30,"24":30,"25":30,"26":30,"27":30,"28":30,"29":30,"30":30,"31":30,"32":30,"33":30,"34":30,"35":30,"36":30,"37":30,"38":30,"39":30,"40":30,"41":30,"42":30,"43":30,"44":30,"45":30,"46":30}}